date,electricity_demand
2025-01-01,495.3
2025-01-02,472.7
2025-01-03,473.6
2025-01-04,515.0
2025-01-05,489.9
2025-01-06,474.9
2025-01-07,455.0
2025-01-08,493.5
2025-01-09,504.2
2025-01-10,477.1
2025-01-11,497.6
2025-01-12,486.5
2025-01-13,492.2
2025-01-14,448.2
2025-01-15,495.6
2025-01-16,521.5
2025-01-17,491.5
2025-01-18,507.2
2025-01-19,493.1
2025-01-20,517.5
2025-01-21,508.0
2025-01-22,495.6
2025-01-23,543.1
2025-01-24,537.1
2025-01-25,508.5
2025-01-26,532.5
2025-01-27,535.4
2025-01-28,539.5
2025-01-29,494.8
2025-01-30,550.8
2025-01-31,521.2
2025-02-01,527.5
2025-02-02,589.3
2025-02-03,544.6
2025-02-04,532.8
2025-02-05,498.3
2025-02-06,572.2
2025-02-07,519.4
2025-02-08,528.1
2025-02-09,543.4
2025-02-10,580.3
2025-02-11,569.3
2025-02-12,552.5
2025-02-13,563.6
2025-02-14,547.2
2025-02-15,563.8
2025-02-16,564.3
2025-02-17,583.9
2025-02-18,585.6
2025-02-19,577.9
2025-02-20,562.4
2025-02-21,586.2
2025-02-22,571.2
2025-02-23,553.0
2025-02-24,568.2
2025-02-25,579.5
2025-02-26,597.6
2025-02-27,577.3
2025-02-28,558.3
2025-03-01,585.1
2025-03-02,587.7
2025-03-03,590.6
2025-03-04,606.6
2025-03-05,610.0
2025-03-06,579.1
2025-03-07,580.0
2025-03-08,572.8
2025-03-09,608.9
2025-03-10,625.1
2025-03-11,591.1
2025-03-12,593.7
2025-03-13,629.1
2025-03-14,611.0
2025-03-15,610.7
2025-03-16,579.2
2025-03-17,617.7
2025-03-18,586.5
2025-03-19,583.4
2025-03-20,600.1
2025-03-21,596.2
2025-03-22,604.4
2025-03-23,580.9
2025-03-24,629.7
2025-03-25,633.9
2025-03-26,573.1
2025-03-27,632.4
2025-03-28,597.3
2025-03-29,631.3
2025-03-30,613.4
2025-03-31,615.9
2025-04-01,612.2
2025-04-02,640.7
2025-04-03,592.1
2025-04-04,629.5
2025-04-05,639.8
2025-04-06,632.5
2025-04-07,665.0
2025-04-08,608.2
2025-04-09,638.2
2025-04-10,617.2
2025-04-11,644.2
2025-04-12,619.5
2025-04-13,612.1
2025-04-14,646.0
2025-04-15,610.1
2025-04-16,591.7
2025-04-17,609.7
2025-04-18,632.3
2025-04-19,647.7
2025-04-20,622.0
2025-04-21,646.0
2025-04-22,592.2
2025-04-23,610.3
2025-04-24,613.2
2025-04-25,616.4
2025-04-26,620.0
2025-04-27,631.8
2025-04-28,608.7
2025-04-29,619.9
2025-04-30,615.8
2025-05-01,597.6
2025-05-02,613.3
2025-05-03,612.2
2025-05-04,611.1
2025-05-05,614.4
2025-05-06,614.6
2025-05-07,603.8
2025-05-08,637.1
2025-05-09,587.5
2025-05-10,595.7
2025-05-11,664.9
2025-05-12,587.6
2025-05-13,580.4
2025-05-14,621.3
2025-05-15,564.1
2025-05-16,599.9
2025-05-17,646.5
2025-05-18,571.6
2025-05-19,561.8
2025-05-20,570.3
2025-05-21,617.1
2025-05-22,620.5
2025-05-23,586.5
2025-05-24,609.2
2025-05-25,622.1
2025-05-26,628.7
2025-05-27,586.7
2025-05-28,544.3
2025-05-29,572.5
2025-05-30,579.0
2025-05-31,580.9
2025-06-01,580.9
2025-06-02,605.6
2025-06-03,607.2
2025-06-04,576.7
2025-06-05,600.6
2025-06-06,584.2
2025-06-07,576.7
2025-06-08,592.0
2025-06-09,573.6
2025-06-10,611.7
2025-06-11,540.1
2025-06-12,556.8
2025-06-13,562.9
2025-06-14,572.5
2025-06-15,587.3
2025-06-16,559.7
2025-06-17,529.9
2025-06-18,573.4
2025-06-19,569.8
2025-06-20,514.0
2025-06-21,550.9
2025-06-22,517.3
2025-06-23,533.9
2025-06-24,527.3
2025-06-25,559.6
2025-06-26,543.8
2025-06-27,513.8
2025-06-28,555.2
2025-06-29,506.9
2025-06-30,540.2
2025-07-01,515.4
2025-07-02,522.3
2025-07-03,537.7
2025-07-04,536.1
2025-07-05,550.3
2025-07-06,519.9
2025-07-07,525.7
2025-07-08,508.7
2025-07-09,519.1
2025-07-10,522.2
2025-07-11,509.4
2025-07-12,473.2
2025-07-13,513.9
2025-07-14,512.5
2025-07-15,489.5
2025-07-16,475.3
2025-07-17,528.5
2025-07-18,506.7
2025-07-19,490.3
2025-07-20,470.0
2025-07-21,474.3
2025-07-22,514.7
2025-07-23,489.4
2025-07-24,473.5
2025-07-25,492.7
2025-07-26,464.2
2025-07-27,508.4
2025-07-28,503.5
2025-07-29,465.0
2025-07-30,459.8
2025-07-31,418.0
2025-08-01,438.7
2025-08-02,439.6
2025-08-03,467.1
2025-08-04,455.9
2025-08-05,433.6
2025-08-06,452.9
2025-08-07,466.7
2025-08-08,465.2
2025-08-09,414.8
2025-08-10,448.3
2025-08-11,421.3
2025-08-12,465.2
2025-08-13,461.0
2025-08-14,425.5
2025-08-15,426.3
2025-08-16,430.6
2025-08-17,393.0
2025-08-18,443.0
2025-08-19,429.1
2025-08-20,452.3
2025-08-21,409.2
2025-08-22,417.1
2025-08-23,397.7
2025-08-24,406.1
2025-08-25,400.9
2025-08-26,442.9
2025-08-27,407.4
2025-08-28,422.3
2025-08-29,410.7
2025-08-30,391.4
2025-08-31,412.0
2025-09-01,425.9
2025-09-02,388.3
2025-09-03,427.2
2025-09-04,392.7
2025-09-05,398.7
2025-09-06,417.6
2025-09-07,392.5
2025-09-08,405.2
2025-09-09,396.9
2025-09-10,404.6
2025-09-11,353.2
2025-09-12,363.1
2025-09-13,410.9
2025-09-14,418.2
2025-09-15,378.2
2025-09-16,390.5
2025-09-17,400.3
2025-09-18,407.3
2025-09-19,351.9
2025-09-20,373.9
2025-09-21,384.1
2025-09-22,404.0
2025-09-23,439.1
2025-09-24,383.8
2025-09-25,359.4
2025-09-26,394.9
2025-09-27,412.6
2025-09-28,387.7
2025-09-29,366.8
2025-09-30,403.5
2025-10-01,397.1
2025-10-02,362.8
2025-10-03,390.5
2025-10-04,402.4
2025-10-05,405.7
2025-10-06,380.4
2025-10-07,374.2
2025-10-08,405.6
2025-10-09,356.6
2025-10-10,389.4
2025-10-11,353.0
2025-10-12,401.6
2025-10-13,375.0
2025-10-14,405.4
2025-10-15,389.8
2025-10-16,355.5
2025-10-17,408.5
2025-10-18,411.1
2025-10-19,397.8
2025-10-20,365.1
2025-10-21,374.4
2025-10-22,383.6
2025-10-23,366.9
2025-10-24,415.1
2025-10-25,384.4
2025-10-26,327.8
2025-10-27,389.0
2025-10-28,375.7
2025-10-29,381.6
2025-10-30,376.2
2025-10-31,400.3
2025-11-01,407.1
2025-11-02,390.9
2025-11-03,379.1
2025-11-04,385.7
2025-11-05,387.6
2025-11-06,371.9
2025-11-07,400.3
2025-11-08,398.7
2025-11-09,421.1
2025-11-10,416.3
2025-11-11,378.3
2025-11-12,409.4
2025-11-13,374.9
2025-11-14,408.8
2025-11-15,385.6
2025-11-16,376.5
2025-11-17,403.6
2025-11-18,345.6
2025-11-19,365.2
2025-11-20,397.9
2025-11-21,404.3
2025-11-22,396.5
2025-11-23,373.5
2025-11-24,390.0
2025-11-25,415.5
2025-11-26,420.6
2025-11-27,410.0
2025-11-28,434.9
2025-11-29,421.1
2025-11-30,399.7
2025-12-01,410.5
2025-12-02,389.5
2025-12-03,416.9
2025-12-04,442.8
2025-12-05,435.9
2025-12-06,451.8
2025-12-07,419.3
2025-12-08,453.9
2025-12-09,424.8
2025-12-10,459.7
2025-12-11,431.6
2025-12-12,447.9
2025-12-13,464.9
2025-12-14,433.3
2025-12-15,443.3
2025-12-16,466.5
2025-12-17,439.9
2025-12-18,418.0
2025-12-19,489.1
2025-12-20,438.7
2025-12-21,453.1
2025-12-22,474.9
2025-12-23,441.6
2025-12-24,435.5
2025-12-25,462.6
2025-12-26,423.6
2025-12-27,455.7
2025-12-28,468.3
2025-12-29,460.0
2025-12-30,436.5
2025-12-31,501.2
