timestamp,consumption,temperature,humidity
2026-05-01 00:00:00,30.45,14.0,67.4
2026-05-01 01:00:00,29.45,13.3,71.6
2026-05-01 02:00:00,31.11,12.5,68.3
2026-05-01 03:00:00,31.44,13.2,68.3
2026-05-01 04:00:00,40.05,14.8,69.2
2026-05-01 05:00:00,44.69,15.1,65.6
2026-05-01 06:00:00,51.63,15.9,63.7
2026-05-01 07:00:00,55.35,17.4,59.4
2026-05-01 08:00:00,59.67,19.6,56.0
2026-05-01 09:00:00,67.08,21.9,50.3
2026-05-01 10:00:00,66.99,24.5,48.0
2026-05-01 11:00:00,72.91,23.9,42.5
2026-05-01 12:00:00,70.39,25.8,44.6
2026-05-01 13:00:00,73.07,26.9,39.2
2026-05-01 14:00:00,68.53,25.5,42.3
2026-05-01 15:00:00,71.01,26.1,40.0
2026-05-01 16:00:00,64.06,25.5,42.4
2026-05-01 17:00:00,57.92,24.3,43.4
2026-05-01 18:00:00,49.22,23.7,45.5
2026-05-01 19:00:00,44.07,21.7,47.6
2026-05-01 20:00:00,38.09,19.6,52.9
2026-05-01 21:00:00,36.82,18.5,58.2
2026-05-01 22:00:00,30.2,17.9,62.9
2026-05-01 23:00:00,34.01,16.4,67.6
2026-05-02 00:00:00,25.81,12.4,67.1
2026-05-02 01:00:00,28.67,13.7,67.7
2026-05-02 02:00:00,36.87,12.9,67.1
2026-05-02 03:00:00,34.77,13.4,70.4
2026-05-02 04:00:00,36.71,13.6,70.8
2026-05-02 05:00:00,45.37,15.1,68.1
2026-05-02 06:00:00,48.81,16.6,63.9
2026-05-02 07:00:00,53.09,17.7,60.2
2026-05-02 08:00:00,57.26,19.3,58.4
2026-05-02 09:00:00,71.06,21.5,51.8
2026-05-02 10:00:00,68.72,23.7,48.8
2026-05-02 11:00:00,68.62,25.4,43.8
2026-05-02 12:00:00,79.43,26.7,39.3
2026-05-02 13:00:00,76.09,26.4,39.1
2026-05-02 14:00:00,71.68,27.2,40.0
2026-05-02 15:00:00,68.45,27.5,40.6
2026-05-02 16:00:00,67.68,27.0,45.9
2026-05-02 17:00:00,58.04,24.9,44.6
2026-05-02 18:00:00,46.77,23.3,49.9
2026-05-02 19:00:00,49.29,22.0,50.2
2026-05-02 20:00:00,38.92,19.1,54.4
2026-05-02 21:00:00,39.6,18.0,56.2
2026-05-02 22:00:00,35.88,17.1,61.0
2026-05-02 23:00:00,28.18,15.6,66.7
2026-05-03 00:00:00,32.58,13.7,68.0
2026-05-03 01:00:00,29.05,13.4,71.4
2026-05-03 02:00:00,28.01,12.3,70.4
2026-05-03 03:00:00,34.8,13.8,68.8
2026-05-03 04:00:00,40.99,13.9,72.3
2026-05-03 05:00:00,43.67,14.8,65.4
2026-05-03 06:00:00,49.23,16.2,64.8
2026-05-03 07:00:00,58.04,18.1,58.1
2026-05-03 08:00:00,60.27,19.6,56.4
2026-05-03 09:00:00,62.44,22.3,53.0
2026-05-03 10:00:00,70.5,23.2,47.9
2026-05-03 11:00:00,74.88,26.2,39.7
2026-05-03 12:00:00,69.98,27.2,42.0
2026-05-03 13:00:00,75.25,26.0,43.0
2026-05-03 14:00:00,74.37,27.1,41.1
2026-05-03 15:00:00,69.28,26.2,41.4
2026-05-03 16:00:00,66.79,25.8,38.6
2026-05-03 17:00:00,58.96,26.6,43.0
2026-05-03 18:00:00,52.35,23.3,48.3
2026-05-03 19:00:00,41.03,22.1,51.9
2026-05-03 20:00:00,41.02,20.4,57.4
2026-05-03 21:00:00,40.74,17.4,58.6
2026-05-03 22:00:00,30.19,15.8,63.3
2026-05-03 23:00:00,28.78,14.1,65.6
2026-05-04 00:00:00,28.22,13.2,66.0
2026-05-04 01:00:00,31.01,11.0,65.0
2026-05-04 02:00:00,30.02,13.4,70.9
2026-05-04 03:00:00,36.91,14.9,69.8
2026-05-04 04:00:00,42.12,14.1,66.8
2026-05-04 05:00:00,46.16,13.9,62.4
2026-05-04 06:00:00,45.58,16.0,63.8
2026-05-04 07:00:00,57.66,17.8,58.4
2026-05-04 08:00:00,62.34,19.2,56.1
2026-05-04 09:00:00,66.82,22.5,54.8
2026-05-04 10:00:00,70.83,24.1,43.2
2026-05-04 11:00:00,72.3,24.0,43.0
2026-05-04 12:00:00,78.15,26.6,41.6
2026-05-04 13:00:00,81.31,28.0,43.4
2026-05-04 14:00:00,72.76,28.5,36.7
2026-05-04 15:00:00,75.3,29.1,44.4
2026-05-04 16:00:00,63.79,25.3,42.3
2026-05-04 17:00:00,61.1,27.2,44.2
2026-05-04 18:00:00,47.62,23.2,47.1
2026-05-04 19:00:00,44.11,21.3,50.2
2026-05-04 20:00:00,37.51,20.3,57.1
2026-05-04 21:00:00,34.7,17.7,56.7
2026-05-04 22:00:00,29.93,16.8,63.2
2026-05-04 23:00:00,29.56,14.0,64.8
2026-05-05 00:00:00,28.98,13.7,66.5
2026-05-05 01:00:00,30.92,14.3,74.7
2026-05-05 02:00:00,28.64,13.0,70.8
2026-05-05 03:00:00,32.24,13.4,70.7
2026-05-05 04:00:00,40.9,14.3,70.3
2026-05-05 05:00:00,42.83,16.0,62.8
2026-05-05 06:00:00,52.69,15.2,66.0
2026-05-05 07:00:00,55.74,18.7,53.9
2026-05-05 08:00:00,61.52,19.8,53.5
2026-05-05 09:00:00,67.67,21.9,50.2
2026-05-05 10:00:00,69.36,24.3,48.7
2026-05-05 11:00:00,70.28,24.0,44.8
2026-05-05 12:00:00,76.08,25.3,41.7
2026-05-05 13:00:00,74.45,25.2,40.5
2026-05-05 14:00:00,72.32,26.6,38.0
2026-05-05 15:00:00,74.61,27.8,37.5
2026-05-05 16:00:00,64.23,26.0,43.5
2026-05-05 17:00:00,57.51,23.9,45.8
2026-05-05 18:00:00,51.39,23.1,50.7
2026-05-05 19:00:00,42.49,20.6,49.5
2026-05-05 20:00:00,40.19,19.1,56.4
2026-05-05 21:00:00,39.35,18.5,58.3
2026-05-05 22:00:00,33.79,15.6,64.9
2026-05-05 23:00:00,30.76,15.9,67.7
2026-05-06 00:00:00,29.6,13.9,68.4
2026-05-06 01:00:00,31.51,13.3,68.8
2026-05-06 02:00:00,34.55,12.8,71.9
2026-05-06 03:00:00,37.38,13.9,70.8
2026-05-06 04:00:00,39.17,14.6,66.6
2026-05-06 05:00:00,45.64,15.3,63.0
2026-05-06 06:00:00,51.2,17.0,61.9
2026-05-06 07:00:00,52.66,18.0,61.9
2026-05-06 08:00:00,60.42,20.4,57.3
2026-05-06 09:00:00,58.74,21.5,48.9
2026-05-06 10:00:00,70.33,23.5,45.2
2026-05-06 11:00:00,74.25,24.7,46.9
2026-05-06 12:00:00,76.3,25.7,39.7
2026-05-06 13:00:00,73.38,26.2,41.5
2026-05-06 14:00:00,74.54,27.4,38.8
2026-05-06 15:00:00,74.67,27.8,43.7
2026-05-06 16:00:00,69.53,27.0,40.5
2026-05-06 17:00:00,57.44,23.9,46.7
2026-05-06 18:00:00,53.39,24.5,47.9
2026-05-06 19:00:00,47.6,21.6,51.6
2026-05-06 20:00:00,36.25,20.5,51.1
2026-05-06 21:00:00,35.05,17.5,54.5
2026-05-06 22:00:00,36.02,16.6,62.1
2026-05-06 23:00:00,33.12,15.3,66.1
2026-05-07 00:00:00,30.92,12.8,65.7
2026-05-07 01:00:00,26.92,13.7,67.3
2026-05-07 02:00:00,32.55,14.1,71.1
2026-05-07 03:00:00,34.38,13.1,70.6
2026-05-07 04:00:00,40.83,15.0,67.7
2026-05-07 05:00:00,42.8,14.9,67.2
2026-05-07 06:00:00,47.44,17.2,60.2
2026-05-07 07:00:00,50.01,16.4,58.2
2026-05-07 08:00:00,63.05,21.9,58.3
2026-05-07 09:00:00,64.35,23.0,51.3
2026-05-07 10:00:00,69.24,23.3,47.8
2026-05-07 11:00:00,70.96,23.4,49.0
2026-05-07 12:00:00,72.48,26.3,39.2
2026-05-07 13:00:00,70.5,25.6,42.1
2026-05-07 14:00:00,71.23,27.4,43.3
2026-05-07 15:00:00,68.44,27.1,39.9
2026-05-07 16:00:00,64.89,25.3,43.7
2026-05-07 17:00:00,57.8,25.8,42.4
2026-05-07 18:00:00,56.94,24.1,46.1
2026-05-07 19:00:00,48.1,22.6,51.9
2026-05-07 20:00:00,42.02,20.0,56.6
2026-05-07 21:00:00,35.56,17.1,61.1
2026-05-07 22:00:00,36.47,17.3,65.6
2026-05-07 23:00:00,30.14,14.8,65.5
2026-05-08 00:00:00,29.92,12.8,70.4
2026-05-08 01:00:00,31.11,14.3,68.8
2026-05-08 02:00:00,34.43,14.7,71.8
2026-05-08 03:00:00,37.45,13.2,69.9
2026-05-08 04:00:00,38.81,15.7,68.9
2026-05-08 05:00:00,43.49,15.1,66.5
2026-05-08 06:00:00,51.6,16.2,59.3
2026-05-08 07:00:00,56.96,17.7,56.6
2026-05-08 08:00:00,59.02,21.3,55.2
2026-05-08 09:00:00,60.17,21.2,47.7
2026-05-08 10:00:00,69.31,24.1,49.2
2026-05-08 11:00:00,73.88,24.5,46.1
2026-05-08 12:00:00,78.95,25.7,42.7
2026-05-08 13:00:00,73.03,27.6,38.3
2026-05-08 14:00:00,71.89,26.7,42.8
2026-05-08 15:00:00,68.49,26.4,44.6
2026-05-08 16:00:00,69.35,27.0,42.3
2026-05-08 17:00:00,60.16,26.2,45.4
2026-05-08 18:00:00,50.15,24.0,47.9
2026-05-08 19:00:00,46.22,21.3,52.2
2026-05-08 20:00:00,38.99,19.6,54.8
2026-05-08 21:00:00,32.8,18.3,58.8
2026-05-08 22:00:00,30.45,16.8,64.3
2026-05-08 23:00:00,35.02,14.3,70.3
2026-05-09 00:00:00,30.96,14.5,65.2
2026-05-09 01:00:00,30.95,13.3,69.3
2026-05-09 02:00:00,32.05,11.6,67.6
2026-05-09 03:00:00,36.59,12.5,72.7
2026-05-09 04:00:00,40.7,13.5,66.8
2026-05-09 05:00:00,45.55,15.0,62.7
2026-05-09 06:00:00,50.29,18.0,63.8
2026-05-09 07:00:00,57.35,18.4,62.4
2026-05-09 08:00:00,60.06,19.3,56.3
2026-05-09 09:00:00,61.7,22.0,51.5
2026-05-09 10:00:00,67.25,23.2,48.3
2026-05-09 11:00:00,68.22,25.2,47.2
2026-05-09 12:00:00,80.5,26.5,40.3
2026-05-09 13:00:00,78.35,27.7,40.3
2026-05-09 14:00:00,71.22,27.0,39.1
2026-05-09 15:00:00,70.72,28.1,38.2
2026-05-09 16:00:00,64.15,26.8,41.4
2026-05-09 17:00:00,61.89,24.4,46.6
2026-05-09 18:00:00,50.37,25.3,48.6
2026-05-09 19:00:00,45.2,22.1,52.4
2026-05-09 20:00:00,39.73,19.3,55.3
2026-05-09 21:00:00,37.92,19.5,59.9
2026-05-09 22:00:00,32.42,18.2,60.9
2026-05-09 23:00:00,26.29,15.0,65.0
2026-05-10 00:00:00,29.37,13.5,68.4
2026-05-10 01:00:00,28.25,13.1,70.0
2026-05-10 02:00:00,32.88,13.6,70.6
2026-05-10 03:00:00,39.44,14.3,69.2
2026-05-10 04:00:00,35.65,14.4,67.2
2026-05-10 05:00:00,42.82,15.1,71.9
2026-05-10 06:00:00,48.62,17.7,64.3
2026-05-10 07:00:00,54.22,17.9,59.7
2026-05-10 08:00:00,61.85,20.8,54.5
2026-05-10 09:00:00,63.71,21.6,50.2
2026-05-10 10:00:00,70.57,23.8,47.2
2026-05-10 11:00:00,71.18,24.9,45.0
2026-05-10 12:00:00,75.4,26.0,38.2
2026-05-10 13:00:00,76.61,26.5,37.4
2026-05-10 14:00:00,72.78,28.1,38.7
2026-05-10 15:00:00,71.11,26.2,40.9
2026-05-10 16:00:00,64.29,25.5,41.5
2026-05-10 17:00:00,63.37,26.6,47.3
2026-05-10 18:00:00,52.24,24.3,44.5
2026-05-10 19:00:00,45.78,19.9,49.6
2026-05-10 20:00:00,39.9,19.5,58.0
2026-05-10 21:00:00,35.62,16.7,59.1
2026-05-10 22:00:00,33.33,15.7,64.3
2026-05-10 23:00:00,32.02,12.5,69.7
2026-05-11 00:00:00,26.88,13.8,66.6
2026-05-11 01:00:00,34.27,12.3,69.3
2026-05-11 02:00:00,28.03,13.0,69.5
2026-05-11 03:00:00,34.15,11.9,65.6
2026-05-11 04:00:00,39.76,14.0,67.4
2026-05-11 05:00:00,45.85,14.7,67.4
2026-05-11 06:00:00,53.94,17.7,63.6
2026-05-11 07:00:00,50.53,19.3,60.1
2026-05-11 08:00:00,58.73,20.6,54.2
2026-05-11 09:00:00,58.83,21.6,49.8
2026-05-11 10:00:00,71.11,25.1,50.0
2026-05-11 11:00:00,72.05,23.7,43.4
2026-05-11 12:00:00,77.5,24.9,42.6
2026-05-11 13:00:00,75.25,26.7,40.8
2026-05-11 14:00:00,78.09,28.8,42.9
2026-05-11 15:00:00,71.12,26.6,42.5
2026-05-11 16:00:00,63.61,25.9,39.4
2026-05-11 17:00:00,53.81,23.8,42.0
2026-05-11 18:00:00,53.4,24.3,48.7
2026-05-11 19:00:00,41.78,22.6,51.0
2026-05-11 20:00:00,43.24,20.6,54.1
2026-05-11 21:00:00,35.45,17.7,60.9
2026-05-11 22:00:00,35.67,15.9,62.9
2026-05-11 23:00:00,29.48,14.0,65.7
2026-05-12 00:00:00,30.67,14.0,69.6
2026-05-12 01:00:00,31.2,12.4,68.7
2026-05-12 02:00:00,32.57,12.1,73.1
2026-05-12 03:00:00,34.78,12.9,67.9
2026-05-12 04:00:00,40.98,13.5,69.3
2026-05-12 05:00:00,42.51,14.6,68.5
2026-05-12 06:00:00,46.98,16.9,59.7
2026-05-12 07:00:00,58.28,18.3,58.2
2026-05-12 08:00:00,61.82,19.8,57.3
2026-05-12 09:00:00,64.31,22.0,53.4
2026-05-12 10:00:00,72.33,22.7,47.2
2026-05-12 11:00:00,72.29,25.0,42.9
2026-05-12 12:00:00,78.33,26.2,43.9
2026-05-12 13:00:00,74.03,25.6,42.9
2026-05-12 14:00:00,71.71,27.8,37.7
2026-05-12 15:00:00,73.63,26.1,38.1
2026-05-12 16:00:00,67.44,26.1,42.5
2026-05-12 17:00:00,59.53,25.9,45.7
2026-05-12 18:00:00,54.51,24.2,46.9
2026-05-12 19:00:00,43.81,21.8,52.5
2026-05-12 20:00:00,42.07,19.7,53.6
2026-05-12 21:00:00,29.88,18.9,54.7
2026-05-12 22:00:00,30.13,17.0,61.7
2026-05-12 23:00:00,33.13,14.6,65.7
2026-05-13 00:00:00,29.38,13.3,67.4
2026-05-13 01:00:00,31.2,11.6,67.2
2026-05-13 02:00:00,29.31,13.1,66.4
2026-05-13 03:00:00,40.48,13.2,68.5
2026-05-13 04:00:00,42.98,14.8,69.8
2026-05-13 05:00:00,44.32,15.3,68.1
2026-05-13 06:00:00,48.99,17.6,64.9
2026-05-13 07:00:00,57.75,17.6,57.3
2026-05-13 08:00:00,64.96,20.9,52.7
2026-05-13 09:00:00,66.53,21.4,52.1
2026-05-13 10:00:00,75.3,24.1,48.8
2026-05-13 11:00:00,69.15,23.8,45.2
2026-05-13 12:00:00,73.05,26.3,38.0
2026-05-13 13:00:00,70.15,25.2,38.8
2026-05-13 14:00:00,74.17,26.8,39.9
2026-05-13 15:00:00,70.72,27.1,41.5
2026-05-13 16:00:00,63.99,25.6,43.5
2026-05-13 17:00:00,59.73,24.1,44.7
2026-05-13 18:00:00,55.69,24.2,48.2
2026-05-13 19:00:00,41.01,21.7,51.3
2026-05-13 20:00:00,38.51,19.6,56.4
2026-05-13 21:00:00,37.91,18.2,59.5
2026-05-13 22:00:00,31.51,18.6,62.6
2026-05-13 23:00:00,28.69,16.0,65.1
2026-05-14 00:00:00,32.55,14.9,68.2
2026-05-14 01:00:00,27.46,13.6,70.5
2026-05-14 02:00:00,31.93,13.1,70.5
2026-05-14 03:00:00,36.68,11.3,70.3
2026-05-14 04:00:00,38.57,13.4,70.7
2026-05-14 05:00:00,46.78,14.7,66.1
2026-05-14 06:00:00,48.58,15.0,61.2
2026-05-14 07:00:00,58.7,17.3,60.6
2026-05-14 08:00:00,59.69,18.4,52.3
2026-05-14 09:00:00,65.82,21.8,49.0
2026-05-14 10:00:00,71.77,24.2,48.2
2026-05-14 11:00:00,72.35,25.8,45.4
2026-05-14 12:00:00,70.14,26.4,39.5
2026-05-14 13:00:00,75.01,26.0,39.7
2026-05-14 14:00:00,71.65,25.5,38.8
2026-05-14 15:00:00,69.56,25.4,39.5
2026-05-14 16:00:00,63.09,25.0,43.9
2026-05-14 17:00:00,56.79,24.2,45.8
2026-05-14 18:00:00,56.67,23.4,47.5
2026-05-14 19:00:00,41.14,21.0,50.0
2026-05-14 20:00:00,41.83,20.3,52.3
2026-05-14 21:00:00,34.42,18.0,61.7
2026-05-14 22:00:00,31.84,16.5,63.7
2026-05-14 23:00:00,29.89,16.0,64.2
2026-05-15 00:00:00,27.99,13.0,69.4
2026-05-15 01:00:00,32.11,13.6,69.3
2026-05-15 02:00:00,36.16,13.0,69.4
2026-05-15 03:00:00,37.03,13.0,70.4
2026-05-15 04:00:00,40.26,14.6,66.5
2026-05-15 05:00:00,42.36,15.8,64.9
2026-05-15 06:00:00,51.29,15.7,62.7
2026-05-15 07:00:00,60.57,18.0,57.9
2026-05-15 08:00:00,59.05,20.2,56.3
2026-05-15 09:00:00,63.2,21.6,54.9
2026-05-15 10:00:00,68.28,24.0,46.0
2026-05-15 11:00:00,71.9,25.2,41.1
2026-05-15 12:00:00,69.77,27.5,38.0
2026-05-15 13:00:00,74.58,25.5,40.2
2026-05-15 14:00:00,71.09,26.9,38.7
2026-05-15 15:00:00,64.96,26.0,40.9
2026-05-15 16:00:00,67.34,26.5,42.3
2026-05-15 17:00:00,54.46,23.7,41.2
2026-05-15 18:00:00,51.29,23.8,43.9
2026-05-15 19:00:00,48.49,21.3,51.7
2026-05-15 20:00:00,36.48,19.4,55.3
2026-05-15 21:00:00,32.03,17.0,58.0
2026-05-15 22:00:00,33.35,16.1,59.2
2026-05-15 23:00:00,33.56,15.9,66.5
2026-05-16 00:00:00,26.06,13.9,70.5
2026-05-16 01:00:00,31.7,13.7,70.0
2026-05-16 02:00:00,34.13,14.3,68.3
2026-05-16 03:00:00,30.71,13.4,69.6
2026-05-16 04:00:00,42.0,13.5,65.3
2026-05-16 05:00:00,47.02,15.4,67.7
2026-05-16 06:00:00,49.22,16.1,62.7
2026-05-16 07:00:00,58.31,17.8,55.3
2026-05-16 08:00:00,62.84,18.8,54.4
2026-05-16 09:00:00,65.06,22.6,52.0
2026-05-16 10:00:00,67.62,23.2,46.8
2026-05-16 11:00:00,70.6,25.1,43.8
2026-05-16 12:00:00,73.79,25.2,39.6
2026-05-16 13:00:00,76.88,27.1,41.6
2026-05-16 14:00:00,71.78,26.4,38.7
2026-05-16 15:00:00,64.23,26.6,36.2
2026-05-16 16:00:00,68.89,26.8,41.3
2026-05-16 17:00:00,59.95,25.6,46.4
2026-05-16 18:00:00,50.83,23.5,46.7
2026-05-16 19:00:00,46.97,20.4,54.6
2026-05-16 20:00:00,44.28,22.4,55.9
2026-05-16 21:00:00,28.85,19.6,59.6
2026-05-16 22:00:00,33.77,17.1,62.2
2026-05-16 23:00:00,27.11,14.4,65.5
2026-05-17 00:00:00,31.25,13.8,67.5
2026-05-17 01:00:00,31.0,12.8,68.9
2026-05-17 02:00:00,34.27,14.0,71.1
2026-05-17 03:00:00,34.61,13.4,67.6
2026-05-17 04:00:00,35.32,13.3,65.8
2026-05-17 05:00:00,43.7,14.7,63.4
2026-05-17 06:00:00,51.02,17.4,66.6
2026-05-17 07:00:00,57.71,19.5,59.9
2026-05-17 08:00:00,57.07,21.2,55.6
2026-05-17 09:00:00,67.21,22.4,49.0
2026-05-17 10:00:00,67.26,23.3,48.7
2026-05-17 11:00:00,70.65,22.4,44.2
2026-05-17 12:00:00,73.89,26.3,42.4
2026-05-17 13:00:00,75.49,26.8,38.6
2026-05-17 14:00:00,75.68,27.1,40.3
2026-05-17 15:00:00,66.84,26.8,39.7
2026-05-17 16:00:00,61.9,25.0,40.5
2026-05-17 17:00:00,59.71,25.4,45.9
2026-05-17 18:00:00,58.41,24.0,44.4
2026-05-17 19:00:00,43.09,22.4,52.2
2026-05-17 20:00:00,45.1,20.8,56.4
2026-05-17 21:00:00,40.87,18.7,57.1
2026-05-17 22:00:00,32.44,16.2,60.9
2026-05-17 23:00:00,29.94,15.0,65.2
2026-05-18 00:00:00,28.27,14.0,68.6
2026-05-18 01:00:00,30.51,13.3,69.2
2026-05-18 02:00:00,29.16,13.8,70.9
2026-05-18 03:00:00,35.67,13.8,73.0
2026-05-18 04:00:00,43.74,15.6,67.0
2026-05-18 05:00:00,43.3,16.8,62.2
2026-05-18 06:00:00,49.4,16.6,64.2
2026-05-18 07:00:00,50.92,15.1,62.2
2026-05-18 08:00:00,60.94,21.0,55.8
2026-05-18 09:00:00,64.8,21.4,48.9
2026-05-18 10:00:00,68.51,22.9,47.3
2026-05-18 11:00:00,71.93,24.6,42.2
2026-05-18 12:00:00,73.71,25.7,43.3
2026-05-18 13:00:00,76.87,27.3,37.8
2026-05-18 14:00:00,71.75,25.8,39.4
2026-05-18 15:00:00,69.61,25.9,38.5
2026-05-18 16:00:00,65.74,26.3,42.3
2026-05-18 17:00:00,62.12,25.4,43.7
2026-05-18 18:00:00,54.11,24.0,47.9
2026-05-18 19:00:00,45.31,21.2,51.2
2026-05-18 20:00:00,43.8,19.2,53.0
2026-05-18 21:00:00,36.91,17.8,60.1
2026-05-18 22:00:00,35.94,16.7,62.4
2026-05-18 23:00:00,32.2,16.2,63.6
2026-05-19 00:00:00,25.4,12.3,72.5
2026-05-19 01:00:00,33.94,13.1,70.4
2026-05-19 02:00:00,33.02,11.9,69.7
2026-05-19 03:00:00,35.73,11.9,72.3
2026-05-19 04:00:00,40.7,14.7,71.7
2026-05-19 05:00:00,43.96,15.5,65.3
2026-05-19 06:00:00,50.57,16.9,63.2
2026-05-19 07:00:00,53.7,18.9,56.9
2026-05-19 08:00:00,63.19,19.6,54.7
2026-05-19 09:00:00,63.86,21.5,50.7
2026-05-19 10:00:00,70.26,25.2,47.9
2026-05-19 11:00:00,70.31,24.8,45.1
2026-05-19 12:00:00,76.25,26.7,43.1
2026-05-19 13:00:00,75.51,26.8,41.0
2026-05-19 14:00:00,72.52,25.5,37.6
2026-05-19 15:00:00,65.32,25.1,38.6
2026-05-19 16:00:00,60.32,25.6,40.9
2026-05-19 17:00:00,61.29,25.8,43.8
2026-05-19 18:00:00,56.27,24.1,49.6
2026-05-19 19:00:00,42.91,22.5,48.8
2026-05-19 20:00:00,43.97,19.2,54.3
2026-05-19 21:00:00,36.57,19.5,60.8
2026-05-19 22:00:00,32.66,15.7,61.9
2026-05-19 23:00:00,29.69,15.2,66.5
2026-05-20 00:00:00,26.54,13.9,67.7
2026-05-20 01:00:00,33.15,13.1,70.0
2026-05-20 02:00:00,30.74,14.1,69.5
2026-05-20 03:00:00,33.91,12.7,70.8
2026-05-20 04:00:00,42.48,12.9,64.9
2026-05-20 05:00:00,40.12,15.1,64.9
2026-05-20 06:00:00,46.19,16.2,63.1
2026-05-20 07:00:00,55.13,20.9,59.9
2026-05-20 08:00:00,60.73,20.5,58.0
2026-05-20 09:00:00,65.35,21.5,50.3
2026-05-20 10:00:00,67.35,22.7,50.5
2026-05-20 11:00:00,77.38,23.4,43.1
2026-05-20 12:00:00,73.32,25.2,44.7
2026-05-20 13:00:00,74.57,26.9,42.1
2026-05-20 14:00:00,72.7,28.1,38.2
2026-05-20 15:00:00,71.24,27.7,41.1
2026-05-20 16:00:00,66.63,26.2,41.9
2026-05-20 17:00:00,61.41,24.7,45.6
2026-05-20 18:00:00,48.33,23.7,47.1
2026-05-20 19:00:00,44.21,21.4,50.5
2026-05-20 20:00:00,41.12,21.4,57.7
2026-05-20 21:00:00,37.33,18.0,58.7
2026-05-20 22:00:00,32.7,16.4,64.2
2026-05-20 23:00:00,32.04,13.3,65.2
2026-05-21 00:00:00,27.98,13.8,71.3
2026-05-21 01:00:00,34.58,13.9,68.1
2026-05-21 02:00:00,35.16,12.1,68.8
2026-05-21 03:00:00,32.5,12.6,72.5
2026-05-21 04:00:00,37.31,14.6,67.1
2026-05-21 05:00:00,42.21,13.9,68.8
2026-05-21 06:00:00,51.69,17.3,64.3
2026-05-21 07:00:00,51.96,17.8,58.6
2026-05-21 08:00:00,59.17,19.7,51.4
2026-05-21 09:00:00,65.28,20.9,51.1
2026-05-21 10:00:00,69.32,23.8,47.7
2026-05-21 11:00:00,75.87,26.9,46.7
2026-05-21 12:00:00,72.96,26.7,45.2
2026-05-21 13:00:00,75.69,26.1,39.1
2026-05-21 14:00:00,72.88,27.9,41.6
2026-05-21 15:00:00,68.74,26.5,42.0
2026-05-21 16:00:00,66.79,27.2,44.2
2026-05-21 17:00:00,59.75,25.6,45.4
2026-05-21 18:00:00,50.06,21.1,43.6
2026-05-21 19:00:00,42.95,21.0,50.8
2026-05-21 20:00:00,39.25,20.8,52.7
2026-05-21 21:00:00,35.86,18.3,58.5
2026-05-21 22:00:00,29.24,15.7,64.5
2026-05-21 23:00:00,29.53,14.5,66.2
2026-05-22 00:00:00,30.97,12.4,70.3
2026-05-22 01:00:00,27.49,13.2,70.2
2026-05-22 02:00:00,35.57,14.8,67.4
2026-05-22 03:00:00,39.03,13.9,64.4
2026-05-22 04:00:00,36.89,15.7,68.3
2026-05-22 05:00:00,48.22,15.8,65.2
2026-05-22 06:00:00,49.64,17.3,60.5
2026-05-22 07:00:00,56.22,19.8,55.5
2026-05-22 08:00:00,58.76,20.3,53.5
2026-05-22 09:00:00,66.45,21.7,50.7
2026-05-22 10:00:00,71.13,24.3,48.8
2026-05-22 11:00:00,72.22,26.1,44.8
2026-05-22 12:00:00,71.5,25.7,45.2
2026-05-22 13:00:00,70.69,26.2,38.4
2026-05-22 14:00:00,73.92,27.1,41.8
2026-05-22 15:00:00,72.09,27.4,40.6
2026-05-22 16:00:00,67.27,26.7,43.4
2026-05-22 17:00:00,57.05,23.8,43.5
2026-05-22 18:00:00,50.74,25.0,49.6
2026-05-22 19:00:00,43.12,21.3,51.7
2026-05-22 20:00:00,42.88,19.8,53.6
2026-05-22 21:00:00,34.65,17.5,58.9
2026-05-22 22:00:00,33.04,18.7,62.0
2026-05-22 23:00:00,27.99,15.2,66.6
2026-05-23 00:00:00,30.84,13.3,65.6
2026-05-23 01:00:00,29.54,13.9,69.4
2026-05-23 02:00:00,35.3,13.6,70.8
2026-05-23 03:00:00,37.79,13.1,69.6
2026-05-23 04:00:00,38.76,14.6,70.7
2026-05-23 05:00:00,44.51,14.4,67.2
2026-05-23 06:00:00,48.62,16.1,62.5
2026-05-23 07:00:00,51.63,16.6,59.3
2026-05-23 08:00:00,57.86,18.9,55.6
2026-05-23 09:00:00,66.15,23.3,51.9
2026-05-23 10:00:00,71.51,24.8,43.8
2026-05-23 11:00:00,73.29,25.0,43.8
2026-05-23 12:00:00,75.72,27.4,39.0
2026-05-23 13:00:00,77.21,26.6,43.1
2026-05-23 14:00:00,73.25,26.8,39.9
2026-05-23 15:00:00,71.67,26.8,40.1
2026-05-23 16:00:00,60.32,26.0,43.8
2026-05-23 17:00:00,48.7,24.8,45.2
2026-05-23 18:00:00,53.61,24.4,45.2
2026-05-23 19:00:00,41.26,21.9,51.0
2026-05-23 20:00:00,39.47,20.6,54.3
2026-05-23 21:00:00,35.1,19.0,55.4
2026-05-23 22:00:00,36.65,16.8,61.1
2026-05-23 23:00:00,31.68,14.3,65.2
2026-05-24 00:00:00,30.41,12.9,67.8
2026-05-24 01:00:00,32.77,13.4,66.5
2026-05-24 02:00:00,33.6,12.9,72.3
2026-05-24 03:00:00,34.71,13.3,69.3
2026-05-24 04:00:00,42.68,13.9,68.1
2026-05-24 05:00:00,42.05,17.1,66.4
2026-05-24 06:00:00,50.81,15.4,60.9
2026-05-24 07:00:00,51.31,16.6,59.8
2026-05-24 08:00:00,60.51,20.3,54.3
2026-05-24 09:00:00,64.62,21.5,49.3
2026-05-24 10:00:00,73.62,23.8,48.6
2026-05-24 11:00:00,69.51,25.4,47.4
2026-05-24 12:00:00,74.61,27.1,43.5
2026-05-24 13:00:00,75.64,25.6,42.4
2026-05-24 14:00:00,73.62,26.6,39.0
2026-05-24 15:00:00,70.72,27.1,37.3
2026-05-24 16:00:00,63.22,26.7,45.0
2026-05-24 17:00:00,59.34,26.7,48.5
2026-05-24 18:00:00,55.83,24.3,50.6
2026-05-24 19:00:00,44.69,21.8,50.4
2026-05-24 20:00:00,40.94,19.3,52.7
2026-05-24 21:00:00,35.57,17.7,56.8
2026-05-24 22:00:00,29.72,16.0,59.1
2026-05-24 23:00:00,33.02,15.6,65.4
2026-05-25 00:00:00,31.26,14.1,71.2
2026-05-25 01:00:00,36.45,12.2,69.2
2026-05-25 02:00:00,30.14,12.7,70.6
2026-05-25 03:00:00,37.91,13.9,72.2
2026-05-25 04:00:00,36.72,14.2,67.2
2026-05-25 05:00:00,45.22,15.5,69.7
2026-05-25 06:00:00,52.44,16.8,66.5
2026-05-25 07:00:00,50.0,19.5,58.6
2026-05-25 08:00:00,59.49,20.2,53.8
2026-05-25 09:00:00,62.73,21.5,52.5
2026-05-25 10:00:00,66.49,22.8,46.8
2026-05-25 11:00:00,74.06,25.1,42.1
2026-05-25 12:00:00,75.33,24.1,44.6
2026-05-25 13:00:00,74.52,26.6,42.9
2026-05-25 14:00:00,73.64,26.8,40.3
2026-05-25 15:00:00,68.83,25.7,38.0
2026-05-25 16:00:00,63.99,25.3,39.6
2026-05-25 17:00:00,56.77,25.6,44.6
2026-05-25 18:00:00,54.79,23.7,46.5
2026-05-25 19:00:00,45.56,21.9,50.4
2026-05-25 20:00:00,40.99,20.2,57.0
2026-05-25 21:00:00,33.84,18.3,60.3
2026-05-25 22:00:00,31.53,17.5,65.3
2026-05-25 23:00:00,30.24,15.1,63.6
2026-05-26 00:00:00,26.16,12.8,67.3
2026-05-26 01:00:00,26.46,14.5,71.0
2026-05-26 02:00:00,31.18,13.3,70.9
2026-05-26 03:00:00,37.16,12.8,72.6
2026-05-26 04:00:00,38.37,12.9,68.8
2026-05-26 05:00:00,42.28,15.4,69.3
2026-05-26 06:00:00,47.96,16.4,63.6
2026-05-26 07:00:00,54.04,19.4,61.0
2026-05-26 08:00:00,59.12,19.7,54.4
2026-05-26 09:00:00,69.56,21.1,51.1
2026-05-26 10:00:00,72.62,24.2,49.3
2026-05-26 11:00:00,76.31,25.7,47.6
2026-05-26 12:00:00,77.96,26.2,43.5
2026-05-26 13:00:00,73.18,27.3,40.3
2026-05-26 14:00:00,70.23,27.0,42.8
2026-05-26 15:00:00,67.31,26.9,36.1
2026-05-26 16:00:00,69.33,27.0,39.2
2026-05-26 17:00:00,57.95,25.5,45.8
2026-05-26 18:00:00,48.51,23.4,47.5
2026-05-26 19:00:00,44.82,22.9,52.3
2026-05-26 20:00:00,39.4,18.1,55.1
2026-05-26 21:00:00,36.53,19.8,60.0
2026-05-26 22:00:00,33.31,15.1,60.9
2026-05-26 23:00:00,28.61,14.5,66.7
2026-05-27 00:00:00,31.71,13.9,70.0
2026-05-27 01:00:00,29.08,13.1,71.9
2026-05-27 02:00:00,32.29,13.8,74.0
2026-05-27 03:00:00,37.57,12.4,70.0
2026-05-27 04:00:00,38.4,14.1,68.5
2026-05-27 05:00:00,43.4,14.6,62.6
2026-05-27 06:00:00,51.48,16.7,61.4
2026-05-27 07:00:00,53.03,18.1,58.5
2026-05-27 08:00:00,59.04,20.1,57.1
2026-05-27 09:00:00,65.53,21.4,49.9
2026-05-27 10:00:00,73.77,23.1,49.1
2026-05-27 11:00:00,74.65,25.2,44.4
2026-05-27 12:00:00,76.96,26.8,41.7
2026-05-27 13:00:00,75.78,26.3,41.0
2026-05-27 14:00:00,69.8,26.3,39.2
2026-05-27 15:00:00,70.73,27.3,39.7
2026-05-27 16:00:00,64.77,26.0,38.6
2026-05-27 17:00:00,60.32,25.6,43.9
2026-05-27 18:00:00,51.22,22.8,46.5
2026-05-27 19:00:00,45.77,20.4,50.1
2026-05-27 20:00:00,39.22,19.6,55.8
2026-05-27 21:00:00,36.0,17.6,60.2
2026-05-27 22:00:00,29.61,16.4,63.0
2026-05-27 23:00:00,29.88,14.5,67.6
2026-05-28 00:00:00,33.48,14.5,69.1
2026-05-28 01:00:00,31.48,13.0,68.9
2026-05-28 02:00:00,32.63,13.1,69.1
2026-05-28 03:00:00,40.6,13.4,70.1
2026-05-28 04:00:00,36.6,14.1,69.1
2026-05-28 05:00:00,42.05,15.0,68.4
2026-05-28 06:00:00,54.28,16.9,64.9
2026-05-28 07:00:00,55.29,17.6,57.8
2026-05-28 08:00:00,59.39,21.1,54.8
2026-05-28 09:00:00,61.14,21.6,52.5
2026-05-28 10:00:00,68.98,22.5,49.6
2026-05-28 11:00:00,74.4,25.1,46.3
2026-05-28 12:00:00,71.32,25.4,41.9
2026-05-28 13:00:00,75.32,27.3,38.0
2026-05-28 14:00:00,74.6,28.8,38.0
2026-05-28 15:00:00,69.74,26.1,41.1
2026-05-28 16:00:00,62.4,26.3,42.7
2026-05-28 17:00:00,60.16,23.5,42.2
2026-05-28 18:00:00,54.53,23.9,47.6
2026-05-28 19:00:00,43.92,21.1,52.4
2026-05-28 20:00:00,39.46,19.5,52.7
2026-05-28 21:00:00,35.52,17.3,61.1
2026-05-28 22:00:00,30.73,17.1,61.7
2026-05-28 23:00:00,29.57,15.9,68.1
2026-05-29 00:00:00,29.32,14.0,66.9
2026-05-29 01:00:00,34.71,12.5,67.4
2026-05-29 02:00:00,35.05,14.3,69.1
2026-05-29 03:00:00,38.19,12.6,69.3
2026-05-29 04:00:00,40.92,12.2,67.2
2026-05-29 05:00:00,42.03,15.4,65.2
2026-05-29 06:00:00,49.9,15.6,63.2
2026-05-29 07:00:00,57.6,19.0,58.5
2026-05-29 08:00:00,56.85,19.7,54.9
2026-05-29 09:00:00,66.09,22.3,47.7
2026-05-29 10:00:00,76.27,24.6,48.3
2026-05-29 11:00:00,74.35,24.0,44.2
2026-05-29 12:00:00,77.87,25.6,45.2
2026-05-29 13:00:00,75.51,26.7,38.6
2026-05-29 14:00:00,77.22,28.2,36.4
2026-05-29 15:00:00,67.43,26.2,41.7
2026-05-29 16:00:00,66.29,25.6,42.7
2026-05-29 17:00:00,60.81,25.3,42.4
2026-05-29 18:00:00,51.97,23.0,44.4
2026-05-29 19:00:00,48.11,21.9,54.2
2026-05-29 20:00:00,38.65,18.8,57.8
2026-05-29 21:00:00,35.39,20.0,53.9
2026-05-29 22:00:00,32.92,15.4,61.6
2026-05-29 23:00:00,28.11,14.8,68.9
2026-05-30 00:00:00,30.57,13.9,67.0
2026-05-30 01:00:00,26.38,14.8,68.5
2026-05-30 02:00:00,35.3,11.9,69.4
2026-05-30 03:00:00,35.97,14.8,67.2
2026-05-30 04:00:00,38.7,14.5,64.6
2026-05-30 05:00:00,42.74,15.4,67.7
2026-05-30 06:00:00,49.41,15.7,58.8
2026-05-30 07:00:00,56.9,18.6,59.4
2026-05-30 08:00:00,61.37,19.4,56.8
2026-05-30 09:00:00,63.37,22.8,48.2
2026-05-30 10:00:00,66.07,22.7,45.7
2026-05-30 11:00:00,74.39,24.9,46.8
2026-05-30 12:00:00,72.54,25.6,43.1
2026-05-30 13:00:00,74.23,26.0,39.3
2026-05-30 14:00:00,74.34,27.6,42.4
2026-05-30 15:00:00,71.15,27.2,42.9
2026-05-30 16:00:00,68.18,27.0,42.5
2026-05-30 17:00:00,53.85,23.5,42.6
2026-05-30 18:00:00,48.04,24.4,46.7
2026-05-30 19:00:00,45.58,23.8,51.7
2026-05-30 20:00:00,44.5,19.6,54.6
2026-05-30 21:00:00,40.91,19.7,60.8
2026-05-30 22:00:00,37.26,16.3,59.4
2026-05-30 23:00:00,30.2,14.0,62.6
